{
	"project":"IW8",
	"platform":"pc",
	"toolname":"vanilla",
	"changelist":8425941,
	"build_exe_datetime":"Dec 17 2020 13:10:19",
	"utc_timestamp":"2020-12-28T09:46:03Z",
	"windows_version":"6.2 9200 2 ",
	"windows_build":"Windows 10 Pro N, Version 2009, ( OS Build 19042 )",
	"playlists_version":12,
	"pubvars_version_pc":"1.183",
	"pubvars_version":"1.263",
	"protocol_version":1901200532,
	"data_version":8434460,
	"xfile_version":4134,
	"bsp_version":0,
	"live_igr":false,
	"live_igr_paid":false,
	"live_bnet_country_code":"SE",
	"own_base_game":false,
	"hw_cpu_vendor":"GenuineIntel",
	"hw_cpu_name":"Intel(R) Core(TM) i7-6700 CPU @ 3.40GHz",
	"hw_cpu_cores_physical":4,
	"hw_cpu_cores_logical":8,
	"hw_cpu_microcode_version":"00000000FFFFFFCC000000",
	"hw_cpu_bios_microcode_version":"00000000FFFFFF9E000000",
	"hw_cpu_family_and_model":"Intel64 Family 6 Model 94 Stepping 3",
	"hw_cpu_platform_specific_field_1":2,
	"hw_cpu_feature_set":1025196031,
	"hw_cpu_frequency":3408,
	"hw_cpu_amd_physics_multi_threading_enabled":true,
	"hw_base_board_manufacturer":"MSI",
	"hw_base_board_product":"B150M BAZOOKA (MS-7982)",
	"hw_base_board_version":"3.0",
	"hw_bios_version":"I.A0",
	"hw_bios_release_date":"07\/27\/2016",
	"hw_gpu_vendor_id":4318,
	"hw_gpu_revision_id":161,
	"hw_gpu_description":"NVIDIA GeForce GTX 970",
	"hw_gpu_device_id":5058,
	"hw_gpu_dedicated_video_memory":4239917056,
	"hw_gpu_dedicated_system_memory":0,
	"hw_gpu_shared_system_memory":8570374144,
	"hw_gpu_driver_version":"45751",
	"hw_gpu_vram":4239917056,
	"hw_ram":16347,
	"mem_commit_total":16430776320,
	"mem_commit_limit":20361973760,
	"mem_commit_peak":16681295872,
	"mem_physical_total":17140748288,
	"mem_physical_available":4606005248,
	"mem_system_cache":6221205504,
	"mem_kernel_total":582881280,
	"mem_kernel_paged":416227328,
	"mem_kernel_nonpaged":166653952,
	"mem_page_size":4096,
	"mem_handle_count":66964,
	"mem_process_count":161,
	"mem_thread_count":2292,
	"mem_page_fault_count":13122621,
	"mem_peak_working_set_size":7439364096,
	"mem_working_set_size":7014694912,
	"mem_quota_peak_paged_pool_usage":1461512,
	"mem_quota_paged_pool_usage":974960,
	"mem_quota_peak_non_paged_pool_usage":273816,
	"mem_quota_non_paged_pool_usage":100520,
	"mem_page_file_usage":10682634240,
	"mem_peak_page_file_usage":11219177472,
	"expected_dedicated_video_memory":2911808674,
	"expected_system_video_memory":853213184,
	"expected_reserved_video_memory":0,
	"vid_mem_budget":2793045275,
	"vid_mem_used":3182006272,
	"vid_mem_used_high_watermark":3198783488,
	"vid_mem_available":0,
	"vid_mem_deficit":388960997,
	"sys_vid_mem_budget":7873419981,
	"sys_vid_mem_used":1221300224,
	"sys_vid_mem_used_high_watermark":1221300224,
	"sys_vid_mem_available":6652119757,
	"sys_vid_mem_deficit":0,
	"dxr_enabled":false,
	"exception_type":"SysError Exception",
	"error_type":"native",
	"signature":"04207996-0ad18d5b-300dcefd-92b14c4f",
	"map":"mp_don3",
	"language":"en",
	"engine_runtime":"[1140, 1200[",
	"time_since_last_reconfig":"[1080, 1140[",
	"time_since_last_focus_change":"[30, 40[",
	"window_state":"Borderless",
	"public_address":"20e76ab6-2197333e-93dfb0fd-c205db5b",
	"nvidia_highlights_active":false,
	"nvidia_ansel_active":false,
	"nvidia_ansel_active_prev":false,
	"nvidia_ansel_available":true,
	"ui_root":20,
	"connection_state":9,
	"error_code":5518,
	"taskgraph_options":"0464fbaf 60fb8f7f 0000caf8 00000000",
	"tdr_level":3,
	"tdr_delay":2,
	"tdr_ddi_delay":5,
	"tdr_test_mode":4294967295,
	"tdr_debug_mode":2,
	"tdr_limit_time":60,
	"tdr_limit_count":5,
	"is_below_min_specs":false,
	"_ExeName":"game_dx12_ship.exe",
	"armadillo initialization faillure":"0",
	"BuildNumber":"8425941 Thu Dec 17 13:06:58 2020",
	"crashedmodulefile":"KERNELBASE.dll",
	"crashedmodulehash":"0x14ab062903cbe4aa",
	"crashedmoduleversion":"6.2.19041.662",
	"DB_AsyncIWFileLoad_LastDCacheReadFile":"mp_don3.fc",
	"DB_AsyncIWFileLoad_LastDCacheReadReturn":"true",
	"error_message":"DEV ERROR 5518",
	"FileStream_Close_ID0":"mp_aw_attachment_wm_ar_t9accurate_barheavy01_lod1_l13_tr.ff",
	"FileStream_LastDCacheReadFile":"pak_ccs.xpak",
	"FileStream_LastDCacheReadReturn":"true",
	"FileStream_Open_ID0":"mp_aw_attachment_wm_ar_t9accurate_barheavy01_lod1_l13_tr.ff",
	"GameMode":"mp",
	"LanguageCode":"eng",
	"LastComError":"EXE\/DISCONNECTED",
	"LastFastfile":"mp_don3_cg_00631_tr",
	"LastFastfileLoadType":"Regular",
	"LastFFPause":"mp_don3",
	"LastFFPauseOp":"Unpause",
	"LastPatchFile0":"<none>",
	"LastPatchFile1":"<none>",
	"LUI_Init":"vm:0000024EC9BFC090,fe:1,gt:2,ali:0,ms:0,il:1,ci:0,xp:0,xps:0,mlg:0,sl:0,cp:0,fo:0",
	"MapName":"mp_don3",
	"PartySize":"99",
	"RegionCode":"ww",
	"residency_fail_file":"pak_dlc_tu.xpaklist"
}
